species,class,order,maximum_lifespan_yr,mass_g,volancy,fossoriality,foraging_environment,daily_activity
Dicrostonyx_groenlandicus,Mammalia,Rodentia,3.3,66,nonvolant,semifossorial,terrestrial,cathemeral
Didelphis_virginiana,Mammalia,Didelphimorphia,6.6,3000,nonvolant,nonfossorial,semiarboreal,nocturnal
Diphylla_ecaudata,Mammalia,Chiroptera,8,28,volant,nonfossorial,terrestrial,nocturnal
Dipodillus_campestris,Mammalia,Rodentia,7.3,28.4,nonvolant,semifossorial,terrestrial,nocturnal
Dipodomys_merriami,Mammalia,Rodentia,9.7,42,nonvolant,semifossorial,terrestrial,nocturnal
Dendrolagus_goodfellowi,Mammalia,Diprotodontia,23.6,7400,nonvolant,nonfossorial,semiarboreal,cathemeral
Dendrolagus_matschiei,Mammalia,Diprotodontia,26.9,7200,nonvolant,nonfossorial,semiarboreal,cathemeral
Desmodus_rotundus,Mammalia,Chiroptera,29.2,33.2,volant,nonfossorial,terrestrial,nocturnal
Diceros_bicornis,Mammalia,Perissodactyla,49,1100000,nonvolant,nonfossorial,terrestrial,crepuscular
Dolichotis_patagonum,Mammalia,Rodentia,14.4,12500,nonvolant,semifossorial,terrestrial,diurnal
Echinops_telfairi,Mammalia,Afrosoricida,19,180,nonvolant,nonfossorial,semiarboreal,nocturnal
Eidolon_helvum,Mammalia,Chiroptera,21.8,306.25,volant,nonfossorial,in_air,nocturnal
Elaphodus_cephalophus,Mammalia,Artiodactyla,22.7,33500,nonvolant,nonfossorial,terrestrial,crepuscular
Elephas_maximus,Mammalia,Proboscidea,65.5,3180000,nonvolant,nonfossorial,terrestrial,cathemeral
Enhydra_lutris,Mammalia,Carnivora,27,25850,nonvolant,nonfossorial,aquatic,diurnal
Eptesicus_fuscus,Mammalia,Chiroptera,19,23,volant,nonfossorial,in_air,nocturnal
Eptesicus_nilssonii,Mammalia,Chiroptera,20,13,volant,nonfossorial,in_air,nocturnal
Eptesicus_serotinus,Mammalia,Chiroptera,21,18.2,volant,nonfossorial,in_air,nocturnal
Equus_asinus,Mammalia,Perissodactyla,47,164998,nonvolant,nonfossorial,terrestrial,diurnal
Equus_burchellii,Mammalia,Perissodactyla,38,280000,nonvolant,nonfossorial,terrestrial,diurnal
Equus_caballus,Mammalia,Perissodactyla,57,3.00E+05,nonvolant,nonfossorial,terrestrial,diurnal
Equus_grevyi,Mammalia,Perissodactyla,31,384000,nonvolant,nonfossorial,terrestrial,diurnal
Equus_hemionus,Mammalia,Perissodactyla,26.2,230000,nonvolant,nonfossorial,terrestrial,diurnal
Equus_kiang,Mammalia,Perissodactyla,30.1,275000,nonvolant,nonfossorial,terrestrial,diurnal
Equus_zebra,Mammalia,Perissodactyla,33.2,296000,nonvolant,nonfossorial,terrestrial,diurnal
Erethizon_dorsatum,Mammalia,Rodentia,23.4,8600,nonvolant,nonfossorial,semiarboreal,nocturnal
Erinaceus_europaeus,Mammalia,Erinaceomorpha,11.7,750,nonvolant,semifossorial,terrestrial,nocturnal
Erythrocebus_patas,Mammalia,Primates,28.3,7750,nonvolant,nonfossorial,terrestrial,diurnal
Eudorcas_thomsonii,Mammalia,Artiodactyla,20,25000,nonvolant,nonfossorial,terrestrial,diurnal
Eulemur_coronatus,Mammalia,Primates,27,2500,nonvolant,nonfossorial,semiarboreal,diurnal
Eulemur_fulvus,Mammalia,Primates,35.5,3150,nonvolant,nonfossorial,semiarboreal,diurnal
Eulemur_macaco,Mammalia,Primates,36.2,2500,nonvolant,nonfossorial,semiarboreal,diurnal
Eulemur_rubriventer,Mammalia,Primates,20,1765.3,nonvolant,nonfossorial,semiarboreal,diurnal
Euphractus_sexcinctus,Mammalia,Cingulata,22.1,4850,nonvolant,semifossorial,terrestrial,cathemeral
Felis_chaus,Mammalia,Carnivora,20,10000,nonvolant,nonfossorial,terrestrial,cathemeral
Felis_manul,Mammalia,Carnivora,15.9,3500,nonvolant,nonfossorial,terrestrial,cathemeral
Felis_margarita,Mammalia,Carnivora,13.9,2750,nonvolant,nonfossorial,terrestrial,nocturnal
Felis_nigripes,Mammalia,Carnivora,15.6,2125,nonvolant,nonfossorial,terrestrial,nocturnal
Felis_silvestris,Mammalia,Carnivora,19,5500,nonvolant,nonfossorial,terrestrial,nocturnal
Galago_moholi,Mammalia,Primates,16.6,175,nonvolant,nonfossorial,arboreal,nocturnal
Galago_senegalensis,Mammalia,Primates,17.1,192.2,nonvolant,nonfossorial,arboreal,nocturnal
Gazella_dorcas,Mammalia,Artiodactyla,23.7,14500,nonvolant,nonfossorial,terrestrial,cathemeral
Gazella_gazella,Mammalia,Artiodactyla,18.3,23250,nonvolant,nonfossorial,terrestrial,diurnal
Gazella_leptoceros,Mammalia,Artiodactyla,14.6,48500,nonvolant,nonfossorial,terrestrial,crepuscular
Gazella_subgutturosa,Mammalia,Artiodactyla,16.3,48500,nonvolant,nonfossorial,terrestrial,cathemeral
Genetta_genetta,Mammalia,Carnivora,22.7,1866.7,nonvolant,nonfossorial,semiarboreal,nocturnal
Gerbillus_perpallidus,Mammalia,Rodentia,5.5,50,nonvolant,semifossorial,terrestrial,nocturnal
Giraffa_camelopardalis,Mammalia,Artiodactyla,39.5,8.00E+05,nonvolant,nonfossorial,terrestrial,crepuscular
Glossophaga_soricina,Mammalia,Chiroptera,11,10,volant,nonfossorial,in_air,nocturnal
Gorilla_gorilla,Mammalia,Primates,55.4,139842,nonvolant,nonfossorial,terrestrial,diurnal
Graphiurus_murinus,Mammalia,Rodentia,6.9,24,nonvolant,nonfossorial,semiarboreal,nocturnal
Gulo_gulo,Mammalia,Carnivora,19.5,16333.3,nonvolant,nonfossorial,terrestrial,cathemeral
Acinonyx_jubatus,Mammalia,Carnivora,20.5,53500,nonvolant,nonfossorial,terrestrial,diurnal
Acomys_cahirinus,Mammalia,Rodentia,5.9,45.2,nonvolant,nonfossorial,terrestrial,nocturnal
Addax_nasomaculatus,Mammalia,Artiodactyla,28,92500,nonvolant,nonfossorial,terrestrial,nocturnal
Aepyceros_melampus,Mammalia,Artiodactyla,25.6,52500,nonvolant,nonfossorial,terrestrial,cathemeral
Ailurus_fulgens,Mammalia,Carnivora,19,4325,nonvolant,nonfossorial,terrestrial,cathemeral
Alcelaphus_buselaphus,Mammalia,Artiodactyla,22.5,159000,nonvolant,nonfossorial,terrestrial,diurnal
Alouatta_caraya,Mammalia,Primates,32.4,5462.5,nonvolant,nonfossorial,arboreal,diurnal
Ammospermophilus_harrisii,Mammalia,Rodentia,10.6,126,nonvolant,semifossorial,terrestrial,diurnal
Ammotragus_lervia,Mammalia,Artiodactyla,21.7,92500,nonvolant,nonfossorial,terrestrial,crepuscular
Antidorcas_marsupialis,Mammalia,Artiodactyla,19.8,39000,nonvolant,nonfossorial,terrestrial,cathemeral
Antilocapra_americana,Mammalia,Artiodactyla,15.5,46100,nonvolant,nonfossorial,terrestrial,cathemeral
Antilope_cervicapra,Mammalia,Artiodactyla,23.9,37500,nonvolant,nonfossorial,terrestrial,diurnal
Aonyx_cinerea,Mammalia,Carnivora,23,3000,nonvolant,nonfossorial,aquatic,nocturnal
Aotus_lemurinus,Mammalia,Primates,33.8,874,nonvolant,nonfossorial,arboreal,nocturnal
Aotus_trivirgatus,Mammalia,Primates,30.1,800,nonvolant,nonfossorial,arboreal,nocturnal
Apodemus_sylvaticus,Mammalia,Rodentia,6.3,23.4,nonvolant,semifossorial,terrestrial,nocturnal
Arctictis_binturong,Mammalia,Carnivora,27,12250,nonvolant,nonfossorial,arboreal,nocturnal
Artibeus_jamaicensis,Mammalia,Chiroptera,19.2,42.2,volant,nonfossorial,in_air,nocturnal
Arvicanthis_niloticus,Mammalia,Rodentia,6.7,110,nonvolant,nonfossorial,terrestrial,cathemeral
Atelerix_albiventris,Mammalia,Erinaceomorpha,11.4,500,nonvolant,semifossorial,terrestrial,nocturnal
Ateles_chamek,Mammalia,Primates,42.8,6000,nonvolant,nonfossorial,arboreal,diurnal
Ateles_fusciceps,Mammalia,Primates,46,7000,nonvolant,nonfossorial,arboreal,diurnal
Ateles_geoffroyi,Mammalia,Primates,47.1,7267.5,nonvolant,nonfossorial,arboreal,diurnal
Ateles_paniscus,Mammalia,Primates,46,7887.5,nonvolant,nonfossorial,arboreal,diurnal
Axis_axis,Mammalia,Artiodactyla,20.8,36000,nonvolant,nonfossorial,terrestrial,cathemeral
Axis_calamianensis,Mammalia,Artiodactyla,17.2,40500,nonvolant,nonfossorial,terrestrial,cathemeral
Axis_porcinus,Mammalia,Artiodactyla,22.9,43000,nonvolant,nonfossorial,terrestrial,cathemeral
Babyrousa_babyrussa,Mammalia,Artiodactyla,22.9,71500,nonvolant,semifossorial,terrestrial,diurnal
Barbastella_barbastellus,Mammalia,Chiroptera,23,10.25,volant,nonfossorial,in_air,nocturnal
Bassariscus_astutus,Mammalia,Carnivora,19,1015,nonvolant,nonfossorial,arboreal,nocturnal
Bettongia_penicillata,Mammalia,Diprotodontia,18.8,1500,nonvolant,semifossorial,terrestrial,nocturnal
Bison_bison,Mammalia,Artiodactyla,33.5,630000,nonvolant,nonfossorial,terrestrial,diurnal
Bison_bonasus,Mammalia,Artiodactyla,26.4,610000,nonvolant,nonfossorial,terrestrial,diurnal
Bos_frontalis,Mammalia,Artiodactyla,26.2,825000,nonvolant,nonfossorial,terrestrial,cathemeral
Bos_grunniens,Mammalia,Artiodactyla,26.3,667000,nonvolant,nonfossorial,terrestrial,cathemeral
Bos_javanicus,Mammalia,Artiodactyla,27.1,7.00E+05,nonvolant,nonfossorial,terrestrial,cathemeral
Boselaphus_tragocamelus,Mammalia,Artiodactyla,21.7,180000,nonvolant,nonfossorial,terrestrial,diurnal
Bubalus_bubalis,Mammalia,Artiodactyla,34.9,725000,nonvolant,nonfossorial,terrestrial,diurnal
Bubalus_depressicornis,Mammalia,Artiodactyla,36.1,155000,nonvolant,nonfossorial,terrestrial,diurnal
Budorcas_taxicolor,Mammalia,Artiodactyla,21.9,180000,nonvolant,nonfossorial,terrestrial,crepuscular
Burramys_parvus,Mammalia,Diprotodontia,12,45,nonvolant,semifossorial,semiarboreal,nocturnal
Callicebus_cupreus,Mammalia,Primates,26.4,1120,nonvolant,nonfossorial,arboreal,diurnal
Callicebus_donacophilus,Mammalia,Primates,25,795,nonvolant,nonfossorial,arboreal,diurnal
Callimico_goeldii,Mammalia,Primates,22.2,555,nonvolant,nonfossorial,semiarboreal,diurnal
Callithrix_argentata,Mammalia,Primates,16.5,343.2,nonvolant,nonfossorial,arboreal,diurnal
Callithrix_geoffroyi,Mammalia,Primates,17.6,342,nonvolant,nonfossorial,arboreal,diurnal
Callithrix_jacchus,Mammalia,Primates,22.8,255.2,nonvolant,nonfossorial,arboreal,diurnal
Callithrix_kuhlii,Mammalia,Primates,20,342,nonvolant,nonfossorial,arboreal,diurnal
Callithrix_penicillata,Mammalia,Primates,15.4,307,nonvolant,nonfossorial,arboreal,diurnal
Callithrix_pygmaea,Mammalia,Primates,18.6,124,nonvolant,nonfossorial,arboreal,diurnal
Callosciurus_prevostii,Mammalia,Rodentia,21.1,400,nonvolant,nonfossorial,arboreal,diurnal
Camelus_bactrianus,Mammalia,Artiodactyla,35.4,475000,nonvolant,nonfossorial,terrestrial,diurnal
Camelus_dromedarius,Mammalia,Artiodactyla,28.4,434000,nonvolant,nonfossorial,terrestrial,diurnal
Canis_aureus,Mammalia,Carnivora,18.8,11000,nonvolant,nonfossorial,terrestrial,nocturnal
Canis_latrans,Mammalia,Carnivora,21.8,13250,nonvolant,semifossorial,terrestrial,nocturnal
Canis_lupus,Mammalia,Carnivora,20.6,26625,nonvolant,semifossorial,terrestrial,nocturnal
Canis_mesomelas,Mammalia,Carnivora,16.7,10250,nonvolant,nonfossorial,terrestrial,cathemeral
Capra_caucasica,Mammalia,Artiodactyla,19.3,70000,nonvolant,nonfossorial,terrestrial,cathemeral
Capra_falconeri,Mammalia,Artiodactyla,19.1,41000,nonvolant,nonfossorial,terrestrial,diurnal
Capra_hircus,Mammalia,Artiodactyla,20.8,61000,nonvolant,nonfossorial,terrestrial,cathemeral
Capra_ibex,Mammalia,Artiodactyla,20.9,82500,nonvolant,nonfossorial,terrestrial,diurnal
Capra_nubiana,Mammalia,Artiodactyla,22.4,46250,nonvolant,nonfossorial,terrestrial,diurnal
Capra_sibirica,Mammalia,Artiodactyla,22.3,130000,nonvolant,nonfossorial,terrestrial,diurnal
Capreolus_capreolus,Mammalia,Artiodactyla,17.5,21666.7,nonvolant,nonfossorial,terrestrial,crepuscular
Caracal_caracal,Mammalia,Carnivora,20.3,16000,nonvolant,nonfossorial,terrestrial,nocturnal
Carollia_perspicillata,Mammalia,Chiroptera,17,15,volant,nonfossorial,in_air,nocturnal
Cavia_aperea,Mammalia,Rodentia,6,341,nonvolant,nonfossorial,terrestrial,crepuscular
Cavia_porcellus,Mammalia,Rodentia,12,728,nonvolant,semifossorial,terrestrial,crepuscular
Cebus_albifrons,Mammalia,Primates,40.4,2467.5,nonvolant,nonfossorial,arboreal,diurnal
Cebus_apella,Mammalia,Primates,46,2642.5,nonvolant,nonfossorial,arboreal,diurnal
Cebus_capucinus,Mammalia,Primates,54,2655,nonvolant,nonfossorial,arboreal,diurnal
Cebus_olivaceus,Mammalia,Primates,47,2552.5,nonvolant,nonfossorial,arboreal,diurnal
Cephalophus_natalensis,Mammalia,Artiodactyla,15.2,10000,nonvolant,nonfossorial,terrestrial,nocturnal
Cephalophus_rufilatus,Mammalia,Artiodactyla,15.2,13000,nonvolant,nonfossorial,terrestrial,nocturnal
Cephalophus_silvicultor,Mammalia,Artiodactyla,22.5,62000,nonvolant,nonfossorial,terrestrial,nocturnal
Ceratotherium_simum,Mammalia,Perissodactyla,45,2180000,nonvolant,nonfossorial,terrestrial,crepuscular
Cervus_elaphus,Mammalia,Artiodactyla,31.5,2.00E+05,nonvolant,nonfossorial,terrestrial,diurnal
Cervus_nippon,Mammalia,Artiodactyla,26.3,42000,nonvolant,nonfossorial,terrestrial,cathemeral
Chaetophractus_villosus,Mammalia,Cingulata,25.2,3000,nonvolant,semifossorial,terrestrial,cathemeral
Cheirogaleus_medius,Mammalia,Primates,23.2,380,nonvolant,nonfossorial,arboreal,nocturnal
Chinchilla_lanigera,Mammalia,Rodentia,17.2,642.5,nonvolant,semifossorial,terrestrial,nocturnal
Chlorocebus_aethiops,Mammalia,Primates,30.8,5620,nonvolant,nonfossorial,semiarboreal,diurnal
Choloepus_didactylus,Mammalia,Pilosa,36.8,6250,nonvolant,nonfossorial,arboreal,nocturnal
Choloepus_hoffmanni,Mammalia,Pilosa,37,6250,nonvolant,nonfossorial,arboreal,nocturnal
Chrysocyon_brachyurus,Mammalia,Carnivora,16.8,21500,nonvolant,nonfossorial,terrestrial,nocturnal
Coendou_prehensilis,Mammalia,Rodentia,26.6,3900,nonvolant,nonfossorial,arboreal,nocturnal
Colobus_angolensis,Mammalia,Primates,35.3,8625,nonvolant,nonfossorial,arboreal,diurnal
Colobus_guereza,Mammalia,Primates,35,9950,nonvolant,nonfossorial,arboreal,diurnal
Connochaetes_gnou,Mammalia,Artiodactyla,21.8,132250,nonvolant,nonfossorial,terrestrial,diurnal
Connochaetes_taurinus,Mammalia,Artiodactyla,24.3,164500,nonvolant,nonfossorial,terrestrial,diurnal
Corynorhinus_townsendii,Mammalia,Chiroptera,20.5,14.25,volant,nonfossorial,in_air,nocturnal
Crocuta_crocuta,Mammalia,Carnivora,41.1,63000,nonvolant,nonfossorial,terrestrial,nocturnal
Cryptomys_damarensis,Mammalia,Rodentia,15.5,180,nonvolant,fossorial,terrestrial,cathemeral
Cryptoprocta_ferox,Mammalia,Carnivora,23.1,9500,nonvolant,nonfossorial,semiarboreal,cathemeral
Cryptotis_parva,Mammalia,Soricomorpha,3.5,4.5,nonvolant,semifossorial,terrestrial,cathemeral
Cuon_alpinus,Mammalia,Carnivora,16.1,15750,nonvolant,semifossorial,terrestrial,cathemeral
Cynictis_penicillata,Mammalia,Carnivora,15.2,598.5,nonvolant,semifossorial,terrestrial,diurnal
Cynomys_ludovicianus,Mammalia,Rodentia,11,1125,nonvolant,semifossorial,arboreal,diurnal
Cynopterus_brachyotis,Mammalia,Chiroptera,10.1,45,volant,nonfossorial,in_air,nocturnal
Dama_dama,Mammalia,Artiodactyla,21.1,70000,nonvolant,nonfossorial,terrestrial,diurnal
Damaliscus_lunatus,Mammalia,Artiodactyla,23.6,110000,nonvolant,nonfossorial,terrestrial,crepuscular
Damaliscus_pygargus,Mammalia,Artiodactyla,23,84500,nonvolant,nonfossorial,terrestrial,crepuscular
Dasyprocta_azarae,Mammalia,Rodentia,11.8,2650,nonvolant,nonfossorial,terrestrial,diurnal
Dasyprocta_leporina,Mammalia,Rodentia,17.8,3265,nonvolant,nonfossorial,terrestrial,diurnal
Dasyprocta_punctata,Mammalia,Rodentia,13.8,2150,nonvolant,nonfossorial,terrestrial,diurnal
Dasypus_novemcinctus,Mammalia,Cingulata,22.3,5500,nonvolant,semifossorial,terrestrial,cathemeral
Haplonycteris_fischeri,Mammalia,Chiroptera,10,18,volant,nonfossorial,in_air,nocturnal
Helarctos_malayanus,Mammalia,Carnivora,35.9,46000,nonvolant,nonfossorial,semiarboreal,nocturnal
Helogale_parvula,Mammalia,Carnivora,18,274.8,nonvolant,semifossorial,terrestrial,diurnal
Heterocephalus_glaber,Mammalia,Rodentia,31,35,nonvolant,fossorial,terrestrial,cathemeral
Hexaprotodon_liberiensis,Mammalia,Artiodactyla,42.3,215000,nonvolant,nonfossorial,aquatic,nocturnal
Hippopotamus_amphibius,Mammalia,Artiodactyla,61.2,3750000,nonvolant,nonfossorial,terrestrial,nocturnal
Hipposideros_fulvus,Mammalia,Chiroptera,13,7,volant,nonfossorial,in_air,nocturnal
Hippotragus_equinus,Mammalia,Artiodactyla,25.9,225000,nonvolant,nonfossorial,terrestrial,diurnal
Hippotragus_niger,Mammalia,Artiodactyla,22.2,225000,nonvolant,nonfossorial,terrestrial,diurnal
Hyaena_hyaena,Mammalia,Carnivora,25,40000,nonvolant,nonfossorial,terrestrial,nocturnal
Hydrochoerus_hydrochaeris,Mammalia,Rodentia,15.1,55000,nonvolant,nonfossorial,terrestrial,crepuscular
Hydromys_chrysogaster,Mammalia,Rodentia,7.3,850,nonvolant,nonfossorial,aquatic,cathemeral
Hylobates_agilis,Mammalia,Primates,49,5925,nonvolant,nonfossorial,arboreal,diurnal
Hylobates_lar,Mammalia,Primates,56,6810,nonvolant,nonfossorial,arboreal,diurnal
Hylobates_moloch,Mammalia,Primates,45,6207.5,nonvolant,nonfossorial,arboreal,diurnal
Hylobates_muelleri,Mammalia,Primates,57,5765,nonvolant,nonfossorial,arboreal,diurnal
Hylobates_pileatus,Mammalia,Primates,38,5735,nonvolant,nonfossorial,arboreal,diurnal
Hystrix_africaeaustralis,Mammalia,Rodentia,23.1,24000,nonvolant,semifossorial,terrestrial,nocturnal
Hystrix_brachyura,Mammalia,Rodentia,27.3,8000,nonvolant,semifossorial,terrestrial,nocturnal
Hystrix_cristata,Mammalia,Rodentia,28,20000,nonvolant,semifossorial,terrestrial,nocturnal
Hystrix_indica,Mammalia,Rodentia,27.1,20000,nonvolant,semifossorial,terrestrial,nocturnal
Jaculus_jaculus,Mammalia,Rodentia,7.3,55,nonvolant,semifossorial,terrestrial,nocturnal
Kerodon_rupestris,Mammalia,Rodentia,12.9,950,nonvolant,semifossorial,terrestrial,nocturnal
Kobus_ellipsiprymnus,Mammalia,Artiodactyla,30,175333,nonvolant,nonfossorial,terrestrial,crepuscular
Kobus_kob,Mammalia,Artiodactyla,21.9,105000,nonvolant,nonfossorial,terrestrial,crepuscular
Kobus_leche,Mammalia,Artiodactyla,25.4,94800,nonvolant,nonfossorial,terrestrial,crepuscular
Kobus_megaceros,Mammalia,Artiodactyla,21.1,90000,nonvolant,nonfossorial,terrestrial,crepuscular
Lagorchestes_hirsutus,Mammalia,Diprotodontia,13.2,1310,nonvolant,nonfossorial,terrestrial,nocturnal
Lagostomus_maximus,Mammalia,Rodentia,10.8,6000,nonvolant,semifossorial,terrestrial,crepuscular
Lagothrix_lagotricha,Mammalia,Primates,32,7650,nonvolant,nonfossorial,arboreal,diurnal
Lagurus_lagurus,Mammalia,Rodentia,3.8,20.3,nonvolant,semifossorial,terrestrial,cathemeral
Lama_glama,Mammalia,Artiodactyla,28.9,140000,nonvolant,nonfossorial,terrestrial,diurnal
Lasionycteris_noctivagans,Mammalia,Chiroptera,12,10,volant,nonfossorial,in_air,cathemeral
Lasiorhinus_latifrons,Mammalia,Diprotodontia,29.9,25500,nonvolant,semifossorial,terrestrial,nocturnal
Lasiurus_cinereus,Mammalia,Chiroptera,14,24,volant,nonfossorial,in_air,nocturnal
Lemniscomys_barbarus,Mammalia,Rodentia,4.4,26.2,nonvolant,nonfossorial,terrestrial,cathemeral
Lemniscomys_striatus,Mammalia,Rodentia,4.8,42.3,nonvolant,nonfossorial,terrestrial,cathemeral
Lemur_catta,Mammalia,Primates,37.3,2555,nonvolant,nonfossorial,semiarboreal,diurnal
Leontopithecus_chrysomelas,Mammalia,Primates,21.3,535,nonvolant,nonfossorial,arboreal,diurnal
Leontopithecus_rosalia,Mammalia,Primates,31.6,654.5,nonvolant,nonfossorial,arboreal,diurnal
Leopardus_geoffroyi,Mammalia,Carnivora,23,4000,nonvolant,nonfossorial,terrestrial,nocturnal
Leopardus_pardalis,Mammalia,Carnivora,28.2,8800,nonvolant,nonfossorial,terrestrial,nocturnal
Leopardus_wiedii,Mammalia,Carnivora,24,3666.7,nonvolant,nonfossorial,arboreal,nocturnal
Leptailurus_serval,Mammalia,Carnivora,22.4,13350,nonvolant,nonfossorial,terrestrial,nocturnal
Leptonycteris_curasoae,Mammalia,Chiroptera,10.1,25,volant,nonfossorial,in_air,nocturnal
Lepus_timidus,Mammalia,Lagomorpha,18,4175,nonvolant,nonfossorial,terrestrial,nocturnal
Litocranius_walleri,Mammalia,Artiodactyla,17.3,43500,nonvolant,nonfossorial,terrestrial,diurnal
Lontra_canadensis,Mammalia,Carnivora,27,9000,nonvolant,semifossorial,aquatic,nocturnal
Loxodonta_africana,Mammalia,Proboscidea,65,4800000,nonvolant,nonfossorial,terrestrial,cathemeral
Lutra_lutra,Mammalia,Carnivora,18.2,6750,nonvolant,semifossorial,aquatic,cathemeral
Lycaon_pictus,Mammalia,Carnivora,17,26500,nonvolant,nonfossorial,terrestrial,crepuscular
Lynx_lynx,Mammalia,Carnivora,23.7,23000,nonvolant,nonfossorial,terrestrial,nocturnal
Lynx_rufus,Mammalia,Carnivora,32.3,8600,nonvolant,nonfossorial,terrestrial,nocturnal
Macaca_arctoides,Mammalia,Primates,29.2,9275,nonvolant,nonfossorial,terrestrial,diurnal
Macaca_fascicularis,Mammalia,Primates,39,6362.5,nonvolant,nonfossorial,semiarboreal,diurnal
Macaca_mulatta,Mammalia,Primates,40,8235,nonvolant,nonfossorial,semiarboreal,diurnal
Macaca_radiata,Mammalia,Primates,30,6755,nonvolant,nonfossorial,semiarboreal,diurnal
Macaca_silenus,Mammalia,Primates,40,7875,nonvolant,nonfossorial,arboreal,diurnal
Macropus_agilis,Mammalia,Diprotodontia,16.9,16000,nonvolant,nonfossorial,terrestrial,nocturnal
Macropus_eugenii,Mammalia,Diprotodontia,15.1,6500,nonvolant,nonfossorial,terrestrial,nocturnal
Macropus_fuliginosus,Mammalia,Diprotodontia,23.2,28250,nonvolant,nonfossorial,terrestrial,nocturnal
Macropus_giganteus,Mammalia,Diprotodontia,25,49500,nonvolant,nonfossorial,terrestrial,crepuscular
Macropus_parma,Mammalia,Diprotodontia,15.9,4250,nonvolant,nonfossorial,terrestrial,nocturnal
Macropus_robustus,Mammalia,Diprotodontia,22,30000,nonvolant,nonfossorial,terrestrial,nocturnal
Macropus_rufogriseus,Mammalia,Diprotodontia,15.2,16200,nonvolant,nonfossorial,terrestrial,crepuscular
Macropus_rufus,Mammalia,Diprotodontia,25,55000,nonvolant,nonfossorial,terrestrial,cathemeral
Macroscelides_proboscideus,Mammalia,Macroscelidea,8.7,40,nonvolant,semifossorial,terrestrial,cathemeral
Macrotis_lagotis,Mammalia,Peramelemorphia,9.6,1300,nonvolant,nonfossorial,terrestrial,nocturnal
Macrotus_waterhousii,Mammalia,Chiroptera,10.4,16,volant,nonfossorial,in_air,nocturnal
Madoqua_kirkii,Mammalia,Artiodactyla,17.3,5000,nonvolant,nonfossorial,terrestrial,cathemeral
Mandrillus_leucophaeus,Mammalia,Primates,39,18250,nonvolant,nonfossorial,terrestrial,diurnal
Mandrillus_sphinx,Mammalia,Primates,40,23000,nonvolant,nonfossorial,terrestrial,diurnal
Marmota_marmota,Mammalia,Rodentia,17.4,3500,nonvolant,fossorial,terrestrial,diurnal
Marmota_monax,Mammalia,Rodentia,14,4000,nonvolant,fossorial,terrestrial,diurnal
Marmota_vancouverensis,Mammalia,Rodentia,12.1,4750,nonvolant,fossorial,terrestrial,diurnal
Martes_flavigula,Mammalia,Carnivora,16,2500,nonvolant,nonfossorial,semiarboreal,diurnal
Mazama_americana,Mammalia,Artiodactyla,17.1,33000,nonvolant,nonfossorial,terrestrial,cathemeral
Megaderma_lyra,Mammalia,Chiroptera,14,38.6,volant,nonfossorial,in_air,nocturnal
Meles_meles,Mammalia,Carnivora,18.6,13000,nonvolant,semifossorial,terrestrial,nocturnal
Melursus_ursinus,Mammalia,Carnivora,33.3,1.00E+05,nonvolant,nonfossorial,terrestrial,nocturnal
Mephitis_mephitis,Mammalia,Carnivora,13.9,3500,nonvolant,semifossorial,terrestrial,nocturnal
Meriones_libycus,Mammalia,Rodentia,5.2,100,nonvolant,semifossorial,terrestrial,diurnal
Meriones_meridianus,Mammalia,Rodentia,6.8,53,nonvolant,semifossorial,terrestrial,nocturnal
Meriones_unguiculatus,Mammalia,Rodentia,6.3,53.2,nonvolant,semifossorial,terrestrial,cathemeral
Mesocricetus_auratus,Mammalia,Rodentia,3.9,105,nonvolant,semifossorial,terrestrial,nocturnal
Mesocricetus_brandti,Mammalia,Rodentia,4.4,174,nonvolant,semifossorial,terrestrial,nocturnal
Microcebus_murinus,Mammalia,Primates,18.2,64.8,nonvolant,nonfossorial,semiarboreal,nocturnal
Micromys_minutus,Mammalia,Rodentia,3.8,6,nonvolant,nonfossorial,terrestrial,cathemeral
Miniopterus_schreibersii,Mammalia,Chiroptera,22,13,volant,nonfossorial,in_air,nocturnal
Miopithecus_talapoin,Mammalia,Primates,27.7,1384.5,nonvolant,nonfossorial,semiarboreal,diurnal
Monodelphis_domestica,Mammalia,Didelphimorphia,5.1,105,nonvolant,nonfossorial,semiarboreal,nocturnal
Mungos_mungo,Mammalia,Carnivora,17.4,1331.5,nonvolant,semifossorial,terrestrial,diurnal
Muntiacus_muntjak,Mammalia,Artiodactyla,18.8,21000,nonvolant,nonfossorial,terrestrial,cathemeral
Muntiacus_reevesi,Mammalia,Artiodactyla,23.2,18000,nonvolant,nonfossorial,terrestrial,cathemeral
Mus_minutoides,Mammalia,Rodentia,4.3,7.2,nonvolant,semifossorial,terrestrial,nocturnal
Mus_musculus,Mammalia,Rodentia,4,20.5,nonvolant,semifossorial,terrestrial,nocturnal
Mustela_lutreola,Mammalia,Carnivora,8.4,590,nonvolant,semifossorial,terrestrial,nocturnal
Mustela_nigripes,Mammalia,Carnivora,9.4,1021,nonvolant,semifossorial,terrestrial,nocturnal
Mustela_putorius,Mammalia,Carnivora,11.1,809,nonvolant,semifossorial,terrestrial,nocturnal
Mustela_sibirica,Mammalia,Carnivora,8.8,565,nonvolant,semifossorial,terrestrial,nocturnal
Myocastor_coypus,Mammalia,Rodentia,8.5,7850,nonvolant,semifossorial,terrestrial,cathemeral
Myotis_bechsteinii,Mammalia,Chiroptera,21,10.5,volant,nonfossorial,in_air,nocturnal
Myotis_blythii,Mammalia,Chiroptera,33,23,volant,nonfossorial,in_air,nocturnal
Myotis_brandtii,Mammalia,Chiroptera,41,7,volant,nonfossorial,in_air,nocturnal
Myotis_dasycneme,Mammalia,Chiroptera,20.5,15,volant,nonfossorial,in_air,nocturnal
Myotis_daubentonii,Mammalia,Chiroptera,28,8.5,volant,nonfossorial,in_air,nocturnal
Myotis_emarginatus,Mammalia,Chiroptera,22.7,11,volant,nonfossorial,in_air,nocturnal
Myotis_evotis,Mammalia,Chiroptera,22,7.4,volant,nonfossorial,in_air,nocturnal
Myotis_grisescens,Mammalia,Chiroptera,16.5,9.25,volant,nonfossorial,in_air,nocturnal
Myotis_keenii,Mammalia,Chiroptera,19,7.4,volant,nonfossorial,in_air,nocturnal
Myotis_leibii,Mammalia,Chiroptera,12,5.6,volant,nonfossorial,in_air,nocturnal
Myotis_lucifugus,Mammalia,Chiroptera,34,10,volant,nonfossorial,in_air,nocturnal
Myotis_myotis,Mammalia,Chiroptera,37.1,28.55,volant,nonfossorial,in_air,nocturnal
Myotis_mystacinus,Mammalia,Chiroptera,24,5.3,volant,nonfossorial,in_air,nocturnal
Myotis_nattereri,Mammalia,Chiroptera,23.7,7.5,volant,nonfossorial,in_air,nocturnal
Myotis_nigricans,Mammalia,Chiroptera,7,4.2,volant,nonfossorial,in_air,nocturnal
Myotis_sodalis,Mammalia,Chiroptera,20,7.7,volant,nonfossorial,in_air,nocturnal
Myotis_thysanodes,Mammalia,Chiroptera,18.3,6,volant,nonfossorial,in_air,nocturnal
Myotis_velifer,Mammalia,Chiroptera,11.3,10.1,volant,nonfossorial,in_air,nocturnal
Myotis_vivesi,Mammalia,Chiroptera,10,25,volant,nonfossorial,aquatic,nocturnal
Myotis_volans,Mammalia,Chiroptera,21,7,volant,nonfossorial,in_air,nocturnal
Myotis_yumanensis,Mammalia,Chiroptera,14,6.25,volant,nonfossorial,in_air,nocturnal
Myrmecophaga_tridactyla,Mammalia,Pilosa,31,28500,nonvolant,nonfossorial,terrestrial,nocturnal
Nanger_dama,Mammalia,Artiodactyla,19.3,73000,nonvolant,nonfossorial,terrestrial,diurnal
Nasua_narica,Mammalia,Carnivora,26.4,3750,nonvolant,nonfossorial,semiarboreal,cathemeral
Nasua_nasua,Mammalia,Carnivora,23.7,4750,nonvolant,nonfossorial,semiarboreal,cathemeral
Neofelis_nebulosa,Mammalia,Carnivora,19.8,19500,nonvolant,nonfossorial,semiarboreal,nocturnal
Neotoma_floridana,Mammalia,Rodentia,8.6,291,nonvolant,nonfossorial,terrestrial,nocturnal
Noctilio_leporinus,Mammalia,Chiroptera,11.8,50,volant,nonfossorial,aquatic,nocturnal
Notomys_alexis,Mammalia,Rodentia,6.4,35,nonvolant,semifossorial,terrestrial,nocturnal
Nyctalus_leisleri,Mammalia,Chiroptera,16,16,volant,nonfossorial,in_air,crepuscular
Nyctalus_noctula,Mammalia,Chiroptera,12,27.75,volant,nonfossorial,in_air,crepuscular
Nyctereutes_procyonoides,Mammalia,Carnivora,16.6,6500,nonvolant,semifossorial,terrestrial,cathemeral
Nycticebus_coucang,Mammalia,Primates,25.8,890.5,nonvolant,nonfossorial,arboreal,nocturnal
Nycticebus_pygmaeus,Mammalia,Primates,17.1,419,nonvolant,nonfossorial,arboreal,nocturnal
Nycticeius_humeralis,Mammalia,Chiroptera,6,9.75,volant,nonfossorial,in_air,nocturnal
Octodon_degus,Mammalia,Rodentia,14,235,nonvolant,semifossorial,terrestrial,diurnal
Odocoileus_hemionus,Mammalia,Artiodactyla,22,57000,nonvolant,nonfossorial,terrestrial,crepuscular
Odocoileus_virginianus,Mammalia,Artiodactyla,23,87000,nonvolant,nonfossorial,terrestrial,crepuscular
Okapia_johnstoni,Mammalia,Artiodactyla,33.5,225000,nonvolant,nonfossorial,terrestrial,diurnal
Oreotragus_oreotragus,Mammalia,Artiodactyla,25.9,12000,nonvolant,nonfossorial,terrestrial,diurnal
Orycteropus_afer,Mammalia,Tubulidentata,29.8,60000,nonvolant,semifossorial,terrestrial,nocturnal
Oryx_dammah,Mammalia,Artiodactyla,27.5,177500,nonvolant,nonfossorial,terrestrial,diurnal
Oryx_gazella,Mammalia,Artiodactyla,23.8,170000,nonvolant,nonfossorial,terrestrial,diurnal
Oryx_leucoryx,Mammalia,Artiodactyla,20.8,121350,nonvolant,nonfossorial,terrestrial,diurnal
Otocyon_megalotis,Mammalia,Carnivora,17,4150,nonvolant,semifossorial,terrestrial,cathemeral
Otolemur_crassicaudatus,Mammalia,Primates,22.7,1094.5,nonvolant,nonfossorial,arboreal,nocturnal
Otolemur_garnettii,Mammalia,Primates,18.3,1300,nonvolant,nonfossorial,arboreal,nocturnal
Ovis_aries,Mammalia,Artiodactyla,22.8,80000,nonvolant,nonfossorial,terrestrial,diurnal
Ovis_canadensis,Mammalia,Artiodactyla,20.6,70275,nonvolant,nonfossorial,terrestrial,diurnal
Ovis_dalli,Mammalia,Artiodactyla,19.6,73100,nonvolant,nonfossorial,terrestrial,diurnal
Pan_troglodytes,Mammalia,Primates,59.4,44983.5,nonvolant,nonfossorial,semiarboreal,diurnal
Panthera_leo,Mammalia,Carnivora,27,175000,nonvolant,nonfossorial,terrestrial,nocturnal
Panthera_onca,Mammalia,Carnivora,28,81150,nonvolant,nonfossorial,terrestrial,cathemeral
Panthera_pardus,Mammalia,Carnivora,27.3,53750,nonvolant,nonfossorial,terrestrial,nocturnal
Panthera_tigris,Mammalia,Carnivora,26.3,119700,nonvolant,nonfossorial,terrestrial,nocturnal
Papio_hamadryas,Mammalia,Primates,37.5,18000,nonvolant,nonfossorial,terrestrial,diurnal
Pecari_tajacu,Mammalia,Artiodactyla,31.5,20200,nonvolant,nonfossorial,terrestrial,cathemeral
Perameles_gunnii,Mammalia,Peramelemorphia,6.1,766,nonvolant,nonfossorial,terrestrial,nocturnal
Peromyscus_eremicus,Mammalia,Rodentia,7.4,25,nonvolant,nonfossorial,terrestrial,nocturnal
Peromyscus_maniculatus,Mammalia,Rodentia,8.3,20.5,nonvolant,nonfossorial,terrestrial,nocturnal
Peromyscus_polionotus,Mammalia,Rodentia,5.5,14,nonvolant,nonfossorial,terrestrial,nocturnal
Petrogale_penicillata,Mammalia,Diprotodontia,14.3,6000,nonvolant,nonfossorial,terrestrial,nocturnal
Petrogale_xanthopus,Mammalia,Diprotodontia,14.4,6000,nonvolant,nonfossorial,terrestrial,nocturnal
Phacochoerus_africanus,Mammalia,Artiodactyla,20.9,1.00E+05,nonvolant,semifossorial,terrestrial,cathemeral
Phascogale_calura,Mammalia,Dasyuromorphia,4.7,43,nonvolant,nonfossorial,arboreal,nocturnal
Phascolarctos_cinereus,Mammalia,Diprotodontia,22.1,9300,nonvolant,nonfossorial,arboreal,nocturnal
Philantomba_monticola,Mammalia,Artiodactyla,15.9,6250,nonvolant,nonfossorial,terrestrial,nocturnal
Phloeomys_pallidus,Mammalia,Rodentia,10.7,1744,nonvolant,nonfossorial,arboreal,nocturnal
Phodopus_sungorus,Mammalia,Rodentia,3.9,23.4,nonvolant,semifossorial,terrestrial,crepuscular
Phyllostomus_discolor,Mammalia,Chiroptera,9,43.4,volant,nonfossorial,arboreal,nocturnal
Phyllostomus_hastatus,Mammalia,Chiroptera,18,81,volant,nonfossorial,arboreal,nocturnal
Pipistrellus_kuhlii,Mammalia,Chiroptera,8,6,volant,nonfossorial,in_air,nocturnal
Pipistrellus_nathusii,Mammalia,Chiroptera,11,10,volant,nonfossorial,in_air,nocturnal
Pipistrellus_pipistrellus,Mammalia,Chiroptera,16.6,5,volant,nonfossorial,in_air,nocturnal
Pipistrellus_subflavus,Mammalia,Chiroptera,14.8,7.5,volant,nonfossorial,in_air,nocturnal
Pithecia_pithecia,Mammalia,Primates,36,1480,nonvolant,nonfossorial,arboreal,diurnal
Plecotus_auritus,Mammalia,Chiroptera,30,7.8,volant,nonfossorial,in_air,nocturnal
Plecotus_austriacus,Mammalia,Chiroptera,25.5,12,volant,nonfossorial,in_air,nocturnal
Pongo_pygmaeus,Mammalia,Primates,59,64475,nonvolant,nonfossorial,arboreal,diurnal
Potamochoerus_porcus,Mammalia,Artiodactyla,22,88000,nonvolant,semifossorial,terrestrial,nocturnal
Potorous_tridactylus,Mammalia,Diprotodontia,14.5,1430,nonvolant,nonfossorial,terrestrial,nocturnal
Potos_flavus,Mammalia,Carnivora,38.4,3000,nonvolant,nonfossorial,arboreal,nocturnal
Prionailurus_bengalensis,Mammalia,Carnivora,17,5000,nonvolant,nonfossorial,semiarboreal,nocturnal
Prionailurus_rubiginosus,Mammalia,Carnivora,17.9,1350,nonvolant,nonfossorial,semiarboreal,nocturnal
Procavia_capensis,Mammalia,Hyracoidea,14.8,3600,nonvolant,nonfossorial,terrestrial,diurnal
Procyon_lotor,Mammalia,Carnivora,21,6000,nonvolant,nonfossorial,semiarboreal,nocturnal
Przewalskium_albirostris,Mammalia,Artiodactyla,21.3,135000,nonvolant,nonfossorial,terrestrial,crepuscular
Psammomys_obesus,Mammalia,Rodentia,3.2,212,nonvolant,semifossorial,terrestrial,diurnal
Pseudocheirus_peregrinus,Mammalia,Diprotodontia,10.1,850,nonvolant,nonfossorial,semiarboreal,nocturnal
Pseudois_nayaur,Mammalia,Artiodactyla,20.9,55000,nonvolant,nonfossorial,terrestrial,diurnal
Pseudomys_australis,Mammalia,Rodentia,7.9,65,nonvolant,semifossorial,terrestrial,nocturnal
Pteropus_giganteus,Mammalia,Chiroptera,40,1175,volant,nonfossorial,in_air,nocturnal
Pteropus_hypomelanus,Mammalia,Chiroptera,20.3,450,volant,nonfossorial,in_air,nocturnal
Pteropus_livingstonii,Mammalia,Chiroptera,15,696.5,volant,nonfossorial,in_air,nocturnal
Pteropus_lylei,Mammalia,Chiroptera,20.4,316.7,volant,nonfossorial,in_air,nocturnal
Pteropus_poliocephalus,Mammalia,Chiroptera,23.6,675,volant,nonfossorial,in_air,nocturnal
Pteropus_pumilus,Mammalia,Chiroptera,17.2,200,volant,nonfossorial,in_air,nocturnal
Pteropus_rodricensis,Mammalia,Chiroptera,28,350,volant,nonfossorial,in_air,nocturnal
Pteropus_vampyrus,Mammalia,Chiroptera,20.9,872,volant,nonfossorial,in_air,nocturnal
Pudu_puda,Mammalia,Artiodactyla,18.3,10000,nonvolant,nonfossorial,terrestrial,cathemeral
Puma_concolor,Mammalia,Carnivora,23.8,63000,nonvolant,nonfossorial,terrestrial,cathemeral
Pygathrix_nemaeus,Mammalia,Primates,26,9720,nonvolant,nonfossorial,arboreal,diurnal
Rangifer_tarandus,Mammalia,Artiodactyla,21.8,101250,nonvolant,nonfossorial,terrestrial,diurnal
Raphicerus_campestris,Mammalia,Artiodactyla,9.3,13000,nonvolant,nonfossorial,terrestrial,diurnal
Rattus_norvegicus,Mammalia,Rodentia,3.8,300,nonvolant,semifossorial,terrestrial,nocturnal
Rattus_rattus,Mammalia,Rodentia,4.2,200,nonvolant,semifossorial,semiarboreal,nocturnal
Rhabdomys_pumilio,Mammalia,Rodentia,4.5,51,nonvolant,nonfossorial,semiarboreal,diurnal
Rhinoceros_unicornis,Mammalia,Perissodactyla,43.5,1600000,nonvolant,nonfossorial,terrestrial,cathemeral
Rhinolophus_ferrumequinum,Mammalia,Chiroptera,30.5,22.875,volant,nonfossorial,in_air,nocturnal
Rhinolophus_hipposideros,Mammalia,Chiroptera,29.4,4.6,volant,nonfossorial,in_air,nocturnal
Rousettus_aegyptiacus,Mammalia,Chiroptera,22.9,125,volant,nonfossorial,arboreal,nocturnal
Rousettus_lanosus,Mammalia,Chiroptera,18.7,103,volant,nonfossorial,arboreal,nocturnal
Rousettus_leschenaultii,Mammalia,Chiroptera,14,108.25,volant,nonfossorial,arboreal,nocturnal
Rucervus_duvaucelii,Mammalia,Artiodactyla,24.5,170000,nonvolant,nonfossorial,terrestrial,cathemeral
Rucervus_eldii,Mammalia,Artiodactyla,20.5,122500,nonvolant,nonfossorial,terrestrial,cathemeral
Rupicapra_rupicapra,Mammalia,Artiodactyla,17.6,37500,nonvolant,nonfossorial,terrestrial,cathemeral
Rusa_timorensis,Mammalia,Artiodactyla,21.1,63000,nonvolant,nonfossorial,terrestrial,nocturnal
Rusa_unicolor,Mammalia,Artiodactyla,26.4,185000,nonvolant,nonfossorial,terrestrial,nocturnal
Saccopteryx_bilineata,Mammalia,Chiroptera,6,7.9,volant,nonfossorial,in_air,nocturnal
Saguinus_bicolor,Mammalia,Primates,19,495.8,nonvolant,nonfossorial,arboreal,diurnal
Saguinus_fuscicollis,Mammalia,Primates,24.9,456.5,nonvolant,nonfossorial,arboreal,diurnal
Saguinus_geoffroyi,Mammalia,Primates,20.5,499.3,nonvolant,nonfossorial,arboreal,diurnal
Saguinus_imperator,Mammalia,Primates,23.7,518.5,nonvolant,nonfossorial,arboreal,diurnal
Saguinus_labiatus,Mammalia,Primates,20.5,501.3,nonvolant,nonfossorial,arboreal,diurnal
Saguinus_midas,Mammalia,Primates,21,553.8,nonvolant,nonfossorial,arboreal,diurnal
Saguinus_oedipus,Mammalia,Primates,26.2,445.5,nonvolant,nonfossorial,arboreal,diurnal
Saimiri_boliviensis,Mammalia,Primates,30.3,615,nonvolant,nonfossorial,semiarboreal,diurnal
Saimiri_sciureus,Mammalia,Primates,30.2,925,nonvolant,nonfossorial,semiarboreal,diurnal
Sarcophilus_harrisii,Mammalia,Dasyuromorphia,13,6500,nonvolant,nonfossorial,terrestrial,nocturnal
Sciurus_vulgaris,Mammalia,Rodentia,14.8,600,nonvolant,nonfossorial,semiarboreal,diurnal
Sekeetamys_calurus,Mammalia,Rodentia,7.3,65,nonvolant,nonfossorial,terrestrial,nocturnal
Semnopithecus_entellus,Mammalia,Primates,29,13516.5,nonvolant,nonfossorial,semiarboreal,diurnal
Setifer_setosus,Mammalia,Afrosoricida,14.1,225,nonvolant,semifossorial,semiarboreal,nocturnal
Sigmodon_hispidus,Mammalia,Rodentia,5.2,185,nonvolant,semifossorial,terrestrial,cathemeral
Speothos_venaticus,Mammalia,Carnivora,14.1,6000,nonvolant,semifossorial,aquatic,diurnal
Spermophilus_citellus,Mammalia,Rodentia,6.7,217,nonvolant,semifossorial,terrestrial,diurnal
Suricata_suricatta,Mammalia,Carnivora,20.6,776,nonvolant,semifossorial,terrestrial,diurnal
Sus_barbatus,Mammalia,Artiodactyla,16.2,102750,nonvolant,semifossorial,terrestrial,nocturnal
Sus_scrofa,Mammalia,Artiodactyla,27,130000,nonvolant,semifossorial,terrestrial,nocturnal
Sylvicapra_grimmia,Mammalia,Artiodactyla,15.4,18500,nonvolant,nonfossorial,terrestrial,nocturnal
Syncerus_caffer,Mammalia,Artiodactyla,29.8,7.00E+05,nonvolant,nonfossorial,terrestrial,cathemeral
Tachyglossus_aculeatus,Mammalia,Monotremata,49.5,3500,nonvolant,semifossorial,terrestrial,cathemeral
Tadarida_teniotis,Mammalia,Chiroptera,13,35,volant,nonfossorial,in_air,nocturnal
Tamandua_tetradactyla,Mammalia,Pilosa,19,4500,nonvolant,nonfossorial,semiarboreal,cathemeral
Tamias_sibiricus,Mammalia,Rodentia,9.6,85,nonvolant,semifossorial,terrestrial,diurnal
Tapirus_bairdii,Mammalia,Perissodactyla,29.6,3.00E+05,nonvolant,nonfossorial,terrestrial,nocturnal
Tapirus_indicus,Mammalia,Perissodactyla,36.5,250000,nonvolant,nonfossorial,terrestrial,crepuscular
Taurotragus_derbianus,Mammalia,Artiodactyla,20.3,680000,nonvolant,nonfossorial,terrestrial,crepuscular
Taurotragus_oryx,Mammalia,Artiodactyla,26.1,5.00E+05,nonvolant,nonfossorial,terrestrial,crepuscular
Tayassu_pecari,Mammalia,Artiodactyla,28.5,22000,nonvolant,nonfossorial,terrestrial,cathemeral
Theropithecus_gelada,Mammalia,Primates,36,16200,nonvolant,nonfossorial,terrestrial,diurnal
Tragelaphus_angasii,Mammalia,Artiodactyla,18.5,120000,nonvolant,nonfossorial,terrestrial,crepuscular
Tragelaphus_eurycerus,Mammalia,Artiodactyla,21.9,307500,nonvolant,nonfossorial,terrestrial,crepuscular
Tragelaphus_imberbis,Mammalia,Artiodactyla,19.8,82500,nonvolant,nonfossorial,terrestrial,nocturnal
Tragelaphus_scriptus,Mammalia,Artiodactyla,15.3,60000,nonvolant,nonfossorial,terrestrial,cathemeral
Tragelaphus_spekii,Mammalia,Artiodactyla,22.6,87500,nonvolant,nonfossorial,terrestrial,cathemeral
Tragelaphus_strepsiceros,Mammalia,Artiodactyla,23.5,217500,nonvolant,nonfossorial,terrestrial,cathemeral
Tragulus_javanicus,Mammalia,Artiodactyla,14,2850,nonvolant,nonfossorial,terrestrial,nocturnal
Tragulus_napu,Mammalia,Artiodactyla,16.7,6500,nonvolant,nonfossorial,terrestrial,nocturnal
Tremarctos_ornatus,Mammalia,Carnivora,39,109250,nonvolant,nonfossorial,semiarboreal,nocturnal
Trichosurus_vulpecula,Mammalia,Diprotodontia,15.9,2395,nonvolant,nonfossorial,arboreal,nocturnal
Tupaia_belangeri,Mammalia,Scandentia,11.1,200,nonvolant,nonfossorial,semiarboreal,diurnal
Tupaia_glis,Mammalia,Scandentia,12.4,200,nonvolant,nonfossorial,terrestrial,diurnal
Uncia_uncia,Mammalia,Carnivora,21.2,50000,nonvolant,nonfossorial,terrestrial,diurnal
Urocyon_cinereoargenteus,Mammalia,Carnivora,16.2,4750,nonvolant,nonfossorial,semiarboreal,nocturnal
Ursus_americanus,Mammalia,Carnivora,34,154250,nonvolant,nonfossorial,terrestrial,nocturnal
Ursus_arctos,Mammalia,Carnivora,40,277500,nonvolant,nonfossorial,terrestrial,diurnal
Ursus_thibetanus,Mammalia,Carnivora,39.2,103750,nonvolant,nonfossorial,semiarboreal,nocturnal
Varecia_variegata,Mammalia,Primates,37,3670,nonvolant,nonfossorial,arboreal,crepuscular
Vicugna_vicugna,Mammalia,Artiodactyla,31.6,50000,nonvolant,nonfossorial,terrestrial,diurnal
Vulpes_lagopus,Mammalia,Carnivora,16.3,5200,nonvolant,semifossorial,terrestrial,cathemeral
Vulpes_rueppellii,Mammalia,Carnivora,14.3,3200,nonvolant,semifossorial,terrestrial,nocturnal
Vulpes_velox,Mammalia,Carnivora,15.9,2400,nonvolant,semifossorial,terrestrial,nocturnal
Vulpes_vulpes,Mammalia,Carnivora,21.3,4131.7,nonvolant,semifossorial,terrestrial,nocturnal
Vulpes_zerda,Mammalia,Carnivora,16.3,1250,nonvolant,semifossorial,terrestrial,nocturnal
Wallabia_bicolor,Mammalia,Diprotodontia,16.8,14625,nonvolant,nonfossorial,terrestrial,nocturnal
